-- phpMyAdmin SQL Dump
-- version 4.5.1
-- http://www.phpmyadmin.net
--
-- Host: 127.0.0.1
-- Generation Time: Oct 05, 2017 at 11:44 AM
-- Server version: 10.1.16-MariaDB
-- PHP Version: 7.0.9

SET SQL_MODE = "NO_AUTO_VALUE_ON_ZERO";
SET time_zone = "+00:00";


/*!40101 SET @OLD_CHARACTER_SET_CLIENT=@@CHARACTER_SET_CLIENT */;
/*!40101 SET @OLD_CHARACTER_SET_RESULTS=@@CHARACTER_SET_RESULTS */;
/*!40101 SET @OLD_COLLATION_CONNECTION=@@COLLATION_CONNECTION */;
/*!40101 SET NAMES utf8mb4 */;

--
-- Database: `pascalpress`
--

-- --------------------------------------------------------

--
-- Table structure for table `categories`
--

CREATE TABLE `categories` (
  `id` int(10) UNSIGNED NOT NULL,
  `name` varchar(255) NOT NULL,
  `parent_id` int(10) UNSIGNED DEFAULT NULL,
  `created_at` timestamp NULL DEFAULT NULL,
  `updated_at` timestamp NULL DEFAULT NULL,
  `deleted_at` timestamp NULL DEFAULT NULL
) ENGINE=InnoDB DEFAULT CHARSET=utf8;

--
-- Dumping data for table `categories`
--

INSERT INTO `categories` (`id`, `name`, `parent_id`, `created_at`, `updated_at`, `deleted_at`) VALUES
(1, 'دسته بندی نشده', NULL, '2017-08-12 09:15:58', '2017-08-12 09:15:58', NULL),
(2, 'دسته A', NULL, '2017-08-13 05:04:44', '2017-08-13 05:04:44', NULL),
(3, 'زیر دسته A', 2, '2017-08-13 05:04:58', '2017-08-13 05:52:44', NULL),
(4, 'زیر دسته زیر دسته A', 3, '2017-08-13 05:05:44', '2017-08-13 05:56:37', NULL),
(5, 'دسته جدید', NULL, '2017-08-13 05:56:51', '2017-08-13 05:56:51', NULL),
(6, 'زیر دسته', 5, '2017-08-13 05:57:08', '2017-08-13 06:41:08', NULL),
(7, 'مقالات', NULL, '2017-10-04 14:42:19', '2017-10-04 14:42:19', NULL),
(8, 'اخبار', NULL, '2017-10-04 14:42:27', '2017-10-04 14:42:27', NULL);

-- --------------------------------------------------------

--
-- Table structure for table `configs`
--

CREATE TABLE `configs` (
  `id` int(10) UNSIGNED NOT NULL,
  `title` varchar(255) NOT NULL,
  `description` varchar(255) DEFAULT NULL,
  `keyword` text,
  `copyright` varchar(255) DEFAULT NULL,
  `info` text,
  `created_at` timestamp NULL DEFAULT NULL,
  `updated_at` timestamp NULL DEFAULT NULL,
  `deleted_at` timestamp NULL DEFAULT NULL
) ENGINE=InnoDB DEFAULT CHARSET=utf8;

--
-- Dumping data for table `configs`
--

INSERT INTO `configs` (`id`, `title`, `description`, `keyword`, `copyright`, `info`, `created_at`, `updated_at`, `deleted_at`) VALUES
(1, '.: پاسکال پرس :.', 'توضیحات سایت پاسکال پرس', 'کلمه کلیدی , پاسکال پرس', 'تمامی حقوق این سایت برای صاحبان آن محفوظ است.', '<p><span style="color:#008080"><strong>تلفن</strong></span>:&nbsp;02134621</p>\r\n\r\n<p><span style="color:#008080"><strong>فکس</strong></span>:&nbsp;02134621</p>\r\n\r\n<p><span style="color:#008080"><strong>ایمیل</strong></span>:&nbsp;info@scom.com</p>\r\n\r\n<p><span style="color:#008080"><strong>آدرس</strong></span>: تهران، سهروردی شمالی، خیابان عرب علی، کوچه هفتم، پلاک7 طبقه2</p>\r\n\r\n<p><span style="color:#008080"><strong>کدپستی</strong></span>:&nbsp;1533883933</p>', '2017-08-28 08:49:56', '2017-10-04 14:30:46', NULL);

-- --------------------------------------------------------

--
-- Table structure for table `contacts`
--

CREATE TABLE `contacts` (
  `id` int(10) UNSIGNED NOT NULL,
  `name` varchar(255) NOT NULL,
  `email` varchar(255) NOT NULL,
  `mobile` bigint(20) DEFAULT NULL,
  `message` varchar(255) NOT NULL,
  `created_at` timestamp NULL DEFAULT NULL,
  `updated_at` timestamp NULL DEFAULT NULL,
  `deleted_at` timestamp NULL DEFAULT NULL
) ENGINE=InnoDB DEFAULT CHARSET=utf8;

--
-- Dumping data for table `contacts`
--

INSERT INTO `contacts` (`id`, `name`, `email`, `mobile`, `message`, `created_at`, `updated_at`, `deleted_at`) VALUES
(1, 'محرمی', 'daftardastak2@gmail.com', NULL, 'این متن بصورت تستی ارسال شده است .', '2017-10-04 13:59:25', '2017-10-04 14:19:07', '2017-10-04 14:19:07'),
(2, 'محرمی', 'daftardastak2@gmail.com', NULL, 'این پیام تستی ارسال شده است.', '2017-10-04 14:15:51', '2017-10-04 14:15:51', NULL),
(3, 'محرمی', 'daftardastak2@gmail.com', NULL, 'fsdfsdfasdf', '2017-10-04 14:18:53', '2017-10-04 14:19:12', '2017-10-04 14:19:12');

-- --------------------------------------------------------

--
-- Table structure for table `migrations`
--

CREATE TABLE `migrations` (
  `id` int(10) UNSIGNED NOT NULL,
  `migration` varchar(255) NOT NULL,
  `batch` int(11) NOT NULL
) ENGINE=InnoDB DEFAULT CHARSET=utf8;

--
-- Dumping data for table `migrations`
--

INSERT INTO `migrations` (`id`, `migration`, `batch`) VALUES
(1, '2017_06_22_235353_create_categories_table', 1),
(2, '2017_06_23_081453_create_contacts_table', 1),
(4, '2017_06_23_132534_create_post_categories_table', 1),
(5, '2017_06_25_112720_create_tags_table', 1),
(6, '2017_06_25_113540_create_post_tags_table', 1),
(7, '2017_07_01_131544_create_users_table', 1),
(10, '2017_06_23_090157_create_posts_table', 2),
(12, '2017_08_28_123052_create_configs_table', 3);

-- --------------------------------------------------------

--
-- Table structure for table `posts`
--

CREATE TABLE `posts` (
  `id` int(10) UNSIGNED NOT NULL,
  `title` varchar(255) NOT NULL,
  `thumb` varchar(255) DEFAULT NULL,
  `excerpt` varchar(255) DEFAULT NULL,
  `content` longtext NOT NULL,
  `post_type` int(11) NOT NULL DEFAULT '0',
  `visit` int(11) NOT NULL DEFAULT '0',
  `status` int(11) NOT NULL DEFAULT '1',
  `specs` text,
  `property` text,
  `video` text,
  `catalog_file` text,
  `catalog_image` text,
  `created_at` timestamp NULL DEFAULT NULL,
  `updated_at` timestamp NULL DEFAULT NULL,
  `deleted_at` timestamp NULL DEFAULT NULL
) ENGINE=InnoDB DEFAULT CHARSET=utf8;

--
-- Dumping data for table `posts`
--

INSERT INTO `posts` (`id`, `title`, `thumb`, `excerpt`, `content`, `post_type`, `visit`, `status`, `specs`, `property`, `video`, `catalog_file`, `catalog_image`, `created_at`, `updated_at`, `deleted_at`) VALUES
(1, '22222', NULL, '2222222222', '<p>22222222222</p>', 0, 0, 1, NULL, NULL, NULL, NULL, NULL, '2017-08-24 06:21:40', '2017-10-04 14:42:39', '2017-10-04 14:42:39'),
(2, 'عنوان تست', NULL, 'تست', '<p>تست</p>', 0, 0, 1, '{"\\u0631\\u0646\\u06af":"\\u0642\\u0631\\u0645\\u0632","\\u0627\\u0646\\u062f\\u0627\\u0632\\u0647":"20 \\u0633\\u0627\\u0646\\u062a\\u06cc \\u0645\\u062a\\u0631","\\u0648\\u0632\\u0646":"1.5 \\u06a9\\u06cc\\u0644\\u0648\\u06af\\u0631\\u0645"}', NULL, NULL, NULL, NULL, '2017-08-24 06:24:27', '2017-08-24 06:24:27', NULL),
(3, 'test', NULL, 'test', '<p>test</p>', 0, 0, 1, '{"\\u0631\\u0646\\u06af":"\\u0642\\u0631\\u0645\\u0632","\\u0627\\u0646\\u062f\\u0627\\u0632\\u0647":"20 \\u0633\\u0627\\u0646\\u062a\\u06cc \\u0645\\u062a\\u0631","\\u0648\\u0632\\u0646":"1.5 \\u06a9\\u06cc\\u0644\\u0648\\u06af\\u0631\\u0645"}', NULL, NULL, NULL, NULL, '2017-08-24 06:26:24', '2017-08-24 07:19:52', '2017-08-24 07:19:52'),
(4, 'بس', NULL, 'یی', '<p>ببی</p>', 0, 0, 1, '{"\\u0631\\u0646\\u06af":"\\u0642\\u0631\\u0645\\u0632","\\u0627\\u0646\\u062f\\u0627\\u0632\\u0647":"20 \\u0633\\u0627\\u0646\\u062a\\u06cc \\u0645\\u062a\\u0631","\\u0648\\u0632\\u0646":"1.5 \\u06a9\\u06cc\\u0644\\u0648\\u06af\\u0631\\u0645"}', NULL, NULL, NULL, NULL, '2017-08-24 06:45:02', '2017-08-24 07:19:47', '2017-08-24 07:19:47'),
(5, '8888888', NULL, '888888', '<p>888888</p>', 0, 0, 1, '{"\\u0631\\u0646\\u06af":"\\u0642\\u0631\\u0645\\u0632","\\u0627\\u0646\\u062f\\u0627\\u0632\\u0647":"20 \\u0633\\u0627\\u0646\\u062a\\u06cc \\u0645\\u062a\\u0631","\\u0648\\u0632\\u0646":"1.5 \\u06a9\\u06cc\\u0644\\u0648\\u06af\\u0631\\u0645"}', NULL, NULL, NULL, NULL, '2017-08-24 07:01:32', '2017-08-24 07:19:44', '2017-08-24 07:19:44'),
(6, 'hghghghghghghghg', NULL, 'ghghghghgghghghgh', '<p>ghghghghghghgh</p>', 0, 0, 1, '{"\\u0631\\u0646\\u06af":"\\u0642\\u0631\\u0645\\u0632","\\u0648\\u0632\\u0646":"1.5 \\u06a9\\u06cc\\u0644\\u0648\\u06af\\u0631\\u0645"}', '{"Cpu":"cor i3 intel","Ram":"4G"}', NULL, NULL, NULL, '2017-08-24 07:05:29', '2017-08-24 07:19:40', '2017-08-24 07:19:40'),
(7, 'ygfhdfg', NULL, 'ghdfghd', '<p>fghdfgh</p>', 0, 0, 1, '{"color":"red","size":"20 cm","\\u0648\\u0632\\u0646":"1 \\u06a9\\u06cc\\u0644\\u0648\\u06af\\u0631\\u0645"}', '{"\\u062d\\u0627\\u0641\\u0638\\u0647":"2 \\u06af\\u06cc\\u06af","cpu":"intel"}', NULL, NULL, NULL, '2017-08-24 07:06:43', '2017-08-24 07:19:37', '2017-08-24 07:19:37'),
(8, 'h', NULL, 'h', '<p>h</p>', 0, 0, 1, NULL, NULL, NULL, NULL, NULL, '2017-08-24 07:17:33', '2017-08-24 07:19:33', '2017-08-24 07:19:33'),
(9, 'hjfghfg', NULL, 'hjgfhj', '<p>hjfghjfghj</p>', 0, 0, 1, '{"gg":200}', '{"dfd":900}', NULL, NULL, NULL, '2017-08-24 07:18:27', '2017-08-24 07:19:29', '2017-08-24 07:19:29'),
(10, 'dfdfdfdf', NULL, 'dfdfdf', '<p>dfdfdfdf</p>', 0, 0, 1, '{"1":"dd","2":"cc"}', '{"a":0,"b":1,"c":3,"d":4}', NULL, NULL, NULL, '2017-08-24 08:58:49', '2017-08-24 08:58:49', NULL),
(11, 'h', NULL, 'h', '<p>h</p>', 0, 0, 1, '{"gg":22,"zzz":33}', '{"85":"cc"}', NULL, NULL, NULL, '2017-08-24 09:00:59', '2017-08-28 05:39:37', '2017-08-28 05:39:37'),
(12, 'gdfdsfg', NULL, 'sfdgsdg', '<p>fgsdgsdf</p>', 2, 0, 1, '{"ffq55q":5555}', '{"88":"gfdgf","sd":456}', NULL, NULL, NULL, '2017-08-24 09:01:31', '2017-08-24 09:01:31', NULL),
(13, 'درباره ما', 'telegram-ads.jpg', NULL, '<p>متن درباره ما در اینجا قرار میگیرد...<br />\r\nمتن معرفی شرکت در اینجا قرار میگیرد...</p>\r\n\r\n<p>لورم ایپسوم متن ساختگی با تولید سادگی نامفهوم از صنعت چاپ و با استفاده از طراحان گرافیک است. چاپگرها و متون بلکه روزنامه و مجله در ستون و سطرآنچنان که لازم است و برای شرایط فعلی تکنولوژی مورد نیاز و کاربردهای متنوع با هدف بهبود ابزارهای کاربردی می باشد. کتابهای زیادی در شصت و سه درصد گذشته، حال و آینده شناخت فراوان جامعه و متخصصان را می طلبد تا با نرم افزارها شناخت بیشتری را برای طراحان رایانه ای علی الخصوص طراحان خلاقی و فرهنگ پیشرو در زبان فارسی ایجاد کرد.</p>\r\n\r\n<p>در این صورت می توان امید داشت که تمام و دشواری موجود در ارائه راهکارها و شرایط سخت تایپ به پایان رسد وزمان مورد نیاز شامل حروفچینی دستاوردهای اصلی و جوابگوی سوالات پیوسته اهل دنیای موجود طراحی اساسا مورد استفاده قرار گیرد.</p>', 1, 0, 1, NULL, NULL, NULL, NULL, NULL, '2017-08-24 09:02:22', '2017-10-05 08:42:52', NULL),
(14, 'sample text', NULL, 'sample text', 'sample text', 0, 0, 1, '{"sample text":"sample text"}', '{"sample text":"sample text"}', NULL, NULL, NULL, '2017-08-30 07:48:53', '2017-08-30 07:48:53', NULL),
(15, 'خبر شماره یک', 'slide1.jpg', 'لورم ایپسوم متن ساختگی با تولید سادگی نامفهوم از صنعت چاپ و با استفاده از طراحان گرافیک است. چاپگرها و متون بلکه روزنامه و مجله در ستون و سطرآنچنان که لازم است و برای شرایط فعلی تکنولوژی مورد نیاز و کاربردهای متنوع با هدف بهبود ابزارهای کاربردی می باشد...', '<p>لورم ایپسوم متن ساختگی با تولید سادگی نامفهوم از صنعت چاپ و با استفاده از طراحان گرافیک است. چاپگرها و متون بلکه روزنامه و مجله در ستون و سطرآنچنان که لازم است و برای شرایط فعلی تکنولوژی مورد نیاز و کاربردهای متنوع با هدف بهبود ابزارهای کاربردی می باشد. کتابهای زیادی در شصت و سه درصد گذشته، حال و آینده شناخت فراوان جامعه و متخصصان را می طلبد تا با نرم افزارها شناخت بیشتری را برای طراحان رایانه ای علی الخصوص طراحان خلاقی و فرهنگ پیشرو در زبان فارسی ایجاد کرد.<br />\r\nدر این صورت می توان امید داشت که تمام و دشواری موجود در ارائه راهکارها و شرایط سخت تایپ به پایان رسد وزمان مورد نیاز شامل حروفچینی دستاوردهای اصلی و جوابگوی سوالات پیوسته اهل دنیای موجود طراحی اساسا مورد استفاده قرار گیرد.</p>', 0, 20, 1, NULL, NULL, NULL, NULL, NULL, '2017-10-04 14:50:57', '2017-10-05 09:21:50', NULL),
(16, 'خبر شماره دو', 'slide2.jpg', 'لورم ایپسوم متن ساختگی با تولید سادگی نامفهوم از صنعت چاپ و با استفاده از طراحان گرافیک است. چاپگرها و متون بلکه روزنامه و مجله در ستون و سطرآنچنان که لازم است و برای شرایط فعلی تکنولوژی مورد نیاز و کاربردهای متنوع با هدف بهبود ابزارهای کاربردی می باشد. ک', '<p>لورم ایپسوم متن ساختگی با تولید سادگی نامفهوم از صنعت چاپ و با استفاده از طراحان گرافیک است. چاپگرها و متون بلکه روزنامه و مجله در ستون و سطرآنچنان که لازم است و برای شرایط فعلی تکنولوژی مورد نیاز و کاربردهای متنوع با هدف بهبود ابزارهای کاربردی می باشد. کتابهای زیادی در شصت و سه درصد گذشته، حال و آینده شناخت فراوان جامعه و متخصصان را می طلبد تا با نرم افزارها شناخت بیشتری را برای طراحان رایانه ای علی الخصوص طراحان خلاقی و فرهنگ پیشرو در زبان فارسی ایجاد کرد. در این صورت می توان امید داشت که تمام و دشواری موجود در ارائه راهکارها و شرایط سخت تایپ به پایان رسد وزمان مورد نیاز شامل حروفچینی دستاوردهای اصلی و جوابگوی سوالات پیوسته اهل دنیای موجود طراحی اساسا مورد استفاده قرار گیرد.</p>\r\n\r\n<p>&nbsp;</p>\r\n\r\n<p>لورم ایپسوم متن ساختگی با تولید سادگی نامفهوم از صنعت چاپ و با استفاده از طراحان گرافیک است. چاپگرها و متون بلکه روزنامه و مجله در ستون و سطرآنچنان که لازم است و برای شرایط فعلی تکنولوژی مورد نیاز و کاربردهای متنوع با هدف بهبود ابزارهای کاربردی می باشد. کتابهای زیادی در شصت و سه درصد گذشته، حال و آینده شناخت فراوان جامعه و متخصصان را می طلبد تا با نرم افزارها شناخت بیشتری را برای طراحان رایانه ای علی الخصوص طراحان خلاقی و فرهنگ پیشرو در زبان فارسی ایجاد کرد. در این صورت می توان امید داشت که تمام و دشواری موجود در ارائه راهکارها و شرایط سخت تایپ به پایان رسد وزمان مورد نیاز شامل حروفچینی دستاوردهای اصلی و جوابگوی سوالات پیوسته اهل دنیای موجود طراحی اساسا مورد استفاده قرار گیرد.</p>\r\n\r\n<p>&nbsp;</p>\r\n\r\n<p>لورم ایپسوم متن ساختگی با تولید سادگی نامفهوم از صنعت چاپ و با استفاده از طراحان گرافیک است. چاپگرها و متون بلکه روزنامه و مجله در ستون و سطرآنچنان که لازم است و برای شرایط فعلی تکنولوژی مورد نیاز و کاربردهای متنوع با هدف بهبود ابزارهای کاربردی می باشد. کتابهای زیادی در شصت و سه درصد گذشته، حال و آینده شناخت فراوان جامعه و متخصصان را می طلبد تا با نرم افزارها شناخت بیشتری را برای طراحان رایانه ای علی الخصوص طراحان خلاقی و فرهنگ پیشرو در زبان فارسی ایجاد کرد. در این صورت می توان امید داشت که تمام و دشواری موجود در ارائه راهکارها و شرایط سخت تایپ به پایان رسد وزمان مورد نیاز شامل حروفچینی دستاوردهای اصلی و جوابگوی سوالات پیوسته اهل دنیای موجود طراحی اساسا مورد استفاده قرار گیرد.</p>', 0, 1, 1, NULL, NULL, NULL, NULL, NULL, '2017-10-04 14:51:56', '2017-10-05 08:14:13', NULL),
(17, 'خبر شماره سه', 'slide3.jpg', 'لورم ایپسوم متن ساختگی با تولید سادگی نامفهوم از صنعت چاپ و با استفاده از طراحان گرافیک است. چاپگرها و متون بلکه روزنامه و مجله در ستون و سطرآنچنان که لازم است و برای شرایط فعلی تکنولوژی', '<p>لورم ایپسوم متن ساختگی با تولید سادگی نامفهوم از صنعت چاپ و با استفاده از طراحان گرافیک است. چاپگرها و متون بلکه روزنامه و مجله در ستون و سطرآنچنان که لازم است و برای شرایط فعلی تکنولوژی مورد نیاز و کاربردهای متنوع با هدف بهبود ابزارهای کاربردی می باشد. کتابهای زیادی در شصت و سه درصد گذشته، حال و آینده شناخت فراوان جامعه و متخصصان را می طلبد تا با نرم افزارها شناخت بیشتری را برای طراحان رایانه ای علی الخصوص طراحان خلاقی و فرهنگ پیشرو در زبان فارسی ایجاد کرد. در این صورت می توان امید داشت که تمام و دشواری موجود در ارائه راهکارها و شرایط سخت تایپ به پایان رسد وزمان مورد نیاز شامل حروفچینی دستاوردهای اصلی و جوابگوی سوالات پیوسته اهل دنیای موجود طراحی اساسا مورد استفاده قرار گیرد.</p>\r\n\r\n<p>&nbsp;</p>\r\n\r\n<p>لورم ایپسوم متن ساختگی با تولید سادگی نامفهوم از صنعت چاپ و با استفاده از طراحان گرافیک است. چاپگرها و متون بلکه روزنامه و مجله در ستون و سطرآنچنان که لازم است و برای شرایط فعلی تکنولوژی مورد نیاز و کاربردهای متنوع با هدف بهبود ابزارهای کاربردی می باشد. کتابهای زیادی در شصت و سه درصد گذشته، حال و آینده شناخت فراوان جامعه و متخصصان را می طلبد تا با نرم افزارها شناخت بیشتری را برای طراحان رایانه ای علی الخصوص طراحان خلاقی و فرهنگ پیشرو در زبان فارسی ایجاد کرد. در این صورت می توان امید داشت که تمام و دشواری موجود در ارائه راهکارها و شرایط سخت تایپ به پایان رسد وزمان مورد نیاز شامل حروفچینی دستاوردهای اصلی و جوابگوی سوالات پیوسته اهل دنیای موجود طراحی اساسا مورد استفاده قرار گیرد.</p>\r\n\r\n<p>&nbsp;</p>\r\n\r\n<p>لورم ایپسوم متن ساختگی با تولید سادگی نامفهوم از صنعت چاپ و با استفاده از طراحان گرافیک است. چاپگرها و متون بلکه روزنامه و مجله در ستون و سطرآنچنان که لازم است و برای شرایط فعلی تکنولوژی مورد نیاز و کاربردهای متنوع با هدف بهبود ابزارهای کاربردی می باشد. کتابهای زیادی در شصت و سه درصد گذشته، حال و آینده شناخت فراوان جامعه و متخصصان را می طلبد تا با نرم افزارها شناخت بیشتری را برای طراحان رایانه ای علی الخصوص طراحان خلاقی و فرهنگ پیشرو در زبان فارسی ایجاد کرد. در این صورت می توان امید داشت که تمام و دشواری موجود در ارائه راهکارها و شرایط سخت تایپ به پایان رسد وزمان مورد نیاز شامل حروفچینی دستاوردهای اصلی و جوابگوی سوالات پیوسته اهل دنیای موجود طراحی اساسا مورد استفاده قرار گیرد.</p>', 0, 3, 1, NULL, NULL, NULL, NULL, NULL, '2017-10-04 15:06:26', '2017-10-05 09:04:11', NULL),
(18, 'خبر شماره چهار', 'slide4.jpg', 'لورم ایپسوم متن ساختگی با تولید سادگی نامفهوم از صنعت چاپ و با استفاده از طراحان گرافیک است. چاپگرها و متون بلکه روزنامه و مجله در ستون و سطرآنچنان که لازم است و برای شرایط فعلی تکنولوژی', '<p>لورم ایپسوم متن ساختگی با تولید سادگی نامفهوم از صنعت چاپ و با استفاده از طراحان گرافیک است. چاپگرها و متون بلکه روزنامه و مجله در ستون و سطرآنچنان که لازم است و برای شرایط فعلی تکنولوژی مورد نیاز و کاربردهای متنوع با هدف بهبود ابزارهای کاربردی می باشد. کتابهای زیادی در شصت و سه درصد گذشته، حال و آینده شناخت فراوان جامعه و متخصصان را می طلبد تا با نرم افزارها شناخت بیشتری را برای طراحان رایانه ای علی الخصوص طراحان خلاقی و فرهنگ پیشرو در زبان فارسی ایجاد کرد. در این صورت می توان امید داشت که تمام و دشواری موجود در ارائه راهکارها و شرایط سخت تایپ به پایان رسد وزمان مورد نیاز شامل حروفچینی دستاوردهای اصلی و جوابگوی سوالات پیوسته اهل دنیای موجود طراحی اساسا مورد استفاده قرار گیرد.</p>\r\n\r\n<p>&nbsp;</p>\r\n\r\n<p>لورم ایپسوم متن ساختگی با تولید سادگی نامفهوم از صنعت چاپ و با استفاده از طراحان گرافیک است. چاپگرها و متون بلکه روزنامه و مجله در ستون و سطرآنچنان که لازم است و برای شرایط فعلی تکنولوژی مورد نیاز و کاربردهای متنوع با هدف بهبود ابزارهای کاربردی می باشد. کتابهای زیادی در شصت و سه درصد گذشته، حال و آینده شناخت فراوان جامعه و متخصصان را می طلبد تا با نرم افزارها شناخت بیشتری را برای طراحان رایانه ای علی الخصوص طراحان خلاقی و فرهنگ پیشرو در زبان فارسی ایجاد کرد. در این صورت می توان امید داشت که تمام و دشواری موجود در ارائه راهکارها و شرایط سخت تایپ به پایان رسد وزمان مورد نیاز شامل حروفچینی دستاوردهای اصلی و جوابگوی سوالات پیوسته اهل دنیای موجود طراحی اساسا مورد استفاده قرار گیرد.</p>\r\n\r\n<p>&nbsp;</p>\r\n\r\n<p>لورم ایپسوم متن ساختگی با تولید سادگی نامفهوم از صنعت چاپ و با استفاده از طراحان گرافیک است. چاپگرها و متون بلکه روزنامه و مجله در ستون و سطرآنچنان که لازم است و برای شرایط فعلی تکنولوژی مورد نیاز و کاربردهای متنوع با هدف بهبود ابزارهای کاربردی می باشد. کتابهای زیادی در شصت و سه درصد گذشته، حال و آینده شناخت فراوان جامعه و متخصصان را می طلبد تا با نرم افزارها شناخت بیشتری را برای طراحان رایانه ای علی الخصوص طراحان خلاقی و فرهنگ پیشرو در زبان فارسی ایجاد کرد. در این صورت می توان امید داشت که تمام و دشواری موجود در ارائه راهکارها و شرایط سخت تایپ به پایان رسد وزمان مورد نیاز شامل حروفچینی دستاوردهای اصلی و جوابگوی سوالات پیوسته اهل دنیای موجود طراحی اساسا مورد استفاده قرار گیرد.</p>', 0, 10, 1, NULL, NULL, NULL, NULL, NULL, '2017-10-04 15:06:58', '2017-10-05 09:38:27', NULL),
(19, 'مقاله شماره 1', 'art1.png', 'لورم ایپسوم متن ساختگی با تولید سادگی نامفهوم از صنعت چاپ و با استفاده از طراحان گرافیک است. چاپگرها و متون بلکه روزنامه و مجله در ستون و سطرآنچنان که لازم است و برای شرایط فعلی تکنولوژی مورد نیاز و کاربردهای متنوع با هدف بهبود ابزارهای کاربردی می باشد. ک', '<p>لورم ایپسوم متن ساختگی با تولید سادگی نامفهوم از صنعت چاپ و با استفاده از طراحان گرافیک است. چاپگرها و متون بلکه روزنامه و مجله در ستون و سطرآنچنان که لازم است و برای شرایط فعلی تکنولوژی مورد نیاز و کاربردهای متنوع با هدف بهبود ابزارهای کاربردی می باشد. کتابهای زیادی در شصت و سه درصد گذشته، حال و آینده شناخت فراوان جامعه و متخصصان را می طلبد تا با نرم افزارها شناخت بیشتری را برای طراحان رایانه ای علی الخصوص طراحان خلاقی و فرهنگ پیشرو در زبان فارسی ایجاد کرد. در این صورت می توان امید داشت که تمام و دشواری موجود در ارائه راهکارها و شرایط سخت تایپ به پایان رسد وزمان مورد نیاز شامل حروفچینی دستاوردهای اصلی و جوابگوی سوالات پیوسته اهل دنیای موجود طراحی اساسا مورد استفاده قرار گیرد.</p>', 0, 1, 1, NULL, NULL, NULL, NULL, NULL, '2017-10-04 15:24:05', '2017-10-05 09:04:29', NULL),
(20, 'مقاله شماره 2', 'art2.jpg', 'لورم ایپسوم متن ساختگی با تولید سادگی نامفهوم از صنعت چاپ و با استفاده از طراحان گرافیک است. چاپگرها و متون بلکه روزنامه و مجله در ستون و سطرآنچنان که لازم است و برای شرایط فعلی تکنولوژی مورد نیاز و کاربردهای متنوع با هدف بهبود ابزارهای کاربردی می باشد', '<p>لورم ایپسوم متن ساختگی با تولید سادگی نامفهوم از صنعت چاپ و با استفاده از طراحان گرافیک است. چاپگرها و متون بلکه روزنامه و مجله در ستون و سطرآنچنان که لازم است و برای شرایط فعلی تکنولوژی مورد نیاز و کاربردهای متنوع با هدف بهبود ابزارهای کاربردی می باشد. کتابهای زیادی در شصت و سه درصد گذشته، حال و آینده شناخت فراوان جامعه و متخصصان را می طلبد تا با نرم افزارها شناخت بیشتری را برای طراحان رایانه ای علی الخصوص طراحان خلاقی و فرهنگ پیشرو در زبان فارسی ایجاد کرد. در این صورت می توان امید داشت که تمام و دشواری موجود در ارائه راهکارها و شرایط سخت تایپ به پایان رسد وزمان مورد نیاز شامل حروفچینی دستاوردهای اصلی و جوابگوی سوالات پیوسته اهل دنیای موجود طراحی اساسا مورد استفاده قرار گیرد.</p>', 0, 4, 1, NULL, NULL, NULL, NULL, NULL, '2017-10-04 15:24:35', '2017-10-05 08:14:03', NULL),
(21, 'مقاله شماره 3', 'art3.jpg', 'لورم ایپسوم متن ساختگی با تولید سادگی نامفهوم از صنعت چاپ و با استفاده از طراحان گرافیک است. چاپگرها و متون بلکه روزنامه و مجله در ستون  اصت و سه درصد گذشته', '<p>لورم ایپسوم متن ساختگی با تولید سادگی نامفهوم از صنعت چاپ و با استفاده از طراحان گرافیک است. چاپگرها و متون بلکه روزنامه و مجله در ستون و سطرآنچنان که لازم است و برای شرایط فعلی تکنولوژی مورد نیاز و کاربردهای متنوع با هدف بهبود ابزارهای کاربردی می باشد. کتابهای زیادی در شصت و سه درصد گذشته، حال و آینده شناخت فراوان جامعه و متخصصان را می طلبد تا با نرم افزارها شناخت بیشتری را برای طراحان رایانه ای علی الخصوص طراحان خلاقی و فرهنگ پیشرو در زبان فارسی ایجاد کرد. در این صورت می توان امید داشت که تمام و دشواری موجود در ارائه راهکارها و شرایط سخت تایپ به پایان رسد وزمان مورد نیاز شامل حروفچینی دستاوردهای اصلی و جوابگوی سوالات پیوسته اهل دنیای موجود طراحی اساسا مورد استفاده قرار گیرد.</p>', 0, 0, 1, NULL, NULL, NULL, NULL, NULL, '2017-10-04 15:24:55', '2017-10-04 15:24:55', NULL),
(22, 'مقاله شماره 4', 'art4.jpg', 'لورم ایپسوم متن ساختگی با تولید سادگی نامفهوم از صنعت چاپ و با استفاده از طراحان گرافیک است. چاپگرها و متون بلکه روزنامه و مجله در ستون و سطرآنچنان که لازم است و برای شرایط فعلی تکنولوژی مورد نیاز و کاربردهای متنوع با هدف بهبود ابزارهای کاربردی می باشد..', '<p>لورم ایپسوم متن ساختگی با تولید سادگی نامفهوم از صنعت چاپ و با استفاده از طراحان گرافیک است. چاپگرها و متون بلکه روزنامه و مجله در ستون و سطرآنچنان که لازم است و برای شرایط فعلی تکنولوژی مورد نیاز و کاربردهای متنوع با هدف بهبود ابزارهای کاربردی می باشد. کتابهای زیادی در شصت و سه درصد گذشته، حال و آینده شناخت فراوان جامعه و متخصصان را می طلبد تا با نرم افزارها شناخت بیشتری را برای طراحان رایانه ای علی الخصوص طراحان خلاقی و فرهنگ پیشرو در زبان فارسی ایجاد کرد. در این صورت می توان امید داشت که تمام و دشواری موجود در ارائه راهکارها و شرایط سخت تایپ به پایان رسد وزمان مورد نیاز شامل حروفچینی دستاوردهای اصلی و جوابگوی سوالات پیوسته اهل دنیای موجود طراحی اساسا مورد استفاده قرار گیرد.</p>', 0, 1, 1, NULL, NULL, NULL, NULL, NULL, '2017-10-04 15:25:22', '2017-10-05 08:16:26', NULL);

-- --------------------------------------------------------

--
-- Table structure for table `post_categories`
--

CREATE TABLE `post_categories` (
  `id` int(10) UNSIGNED NOT NULL,
  `cat_id` int(10) UNSIGNED NOT NULL,
  `post_id` int(10) UNSIGNED NOT NULL,
  `created_at` timestamp NULL DEFAULT NULL,
  `updated_at` timestamp NULL DEFAULT NULL
) ENGINE=InnoDB DEFAULT CHARSET=utf8;

--
-- Dumping data for table `post_categories`
--

INSERT INTO `post_categories` (`id`, `cat_id`, `post_id`, `created_at`, `updated_at`) VALUES
(3, 8, 16, '2017-10-04 14:56:32', '2017-10-04 14:56:32'),
(4, 8, 15, '2017-10-04 14:59:48', '2017-10-04 14:59:48'),
(5, 8, 17, '2017-10-04 15:06:26', '2017-10-04 15:06:26'),
(6, 8, 18, '2017-10-04 15:06:58', '2017-10-04 15:06:58'),
(7, 7, 19, '2017-10-04 15:24:05', '2017-10-04 15:24:05'),
(8, 7, 20, '2017-10-04 15:24:35', '2017-10-04 15:24:35'),
(9, 7, 21, '2017-10-04 15:24:56', '2017-10-04 15:24:56'),
(10, 7, 22, '2017-10-04 15:25:22', '2017-10-04 15:25:22');

-- --------------------------------------------------------

--
-- Table structure for table `post_tags`
--

CREATE TABLE `post_tags` (
  `id` int(10) UNSIGNED NOT NULL,
  `tag_id` int(10) UNSIGNED NOT NULL,
  `post_id` int(10) UNSIGNED NOT NULL,
  `created_at` timestamp NULL DEFAULT NULL,
  `updated_at` timestamp NULL DEFAULT NULL
) ENGINE=InnoDB DEFAULT CHARSET=utf8;

--
-- Dumping data for table `post_tags`
--

INSERT INTO `post_tags` (`id`, `tag_id`, `post_id`, `created_at`, `updated_at`) VALUES
(1, 2, 15, '2017-10-05 07:52:11', '2017-10-05 07:52:11'),
(2, 55, 15, '2017-10-05 07:52:11', '2017-10-05 07:52:11'),
(3, 56, 15, '2017-10-05 07:52:11', '2017-10-05 07:52:11');

-- --------------------------------------------------------

--
-- Table structure for table `tags`
--

CREATE TABLE `tags` (
  `id` int(10) UNSIGNED NOT NULL,
  `name` varchar(255) NOT NULL,
  `created_at` timestamp NULL DEFAULT NULL,
  `updated_at` timestamp NULL DEFAULT NULL,
  `deleted_at` timestamp NULL DEFAULT NULL
) ENGINE=InnoDB DEFAULT CHARSET=utf8;

--
-- Dumping data for table `tags`
--

INSERT INTO `tags` (`id`, `name`, `created_at`, `updated_at`, `deleted_at`) VALUES
(1, 'اجتماعی', '2017-08-13 06:35:01', '2017-08-13 06:35:01', NULL),
(2, 'ورزشی', '2017-08-13 06:35:10', '2017-08-13 06:35:10', NULL),
(3, 'زندگی', '2017-08-13 06:35:20', '2017-08-13 06:35:46', NULL),
(11, 'تگ جدید', '2017-08-13 09:24:33', '2017-08-13 09:24:33', NULL),
(13, 'ورزشگاه', '2017-08-16 08:37:37', '2017-08-16 08:37:37', NULL),
(14, 'ورزشکار', '2017-08-16 08:37:43', '2017-08-16 08:37:43', NULL),
(21, 'تگ A', '2017-08-17 09:27:25', '2017-08-17 09:27:25', NULL),
(22, 'تگ B', '2017-08-17 09:27:25', '2017-08-17 09:27:25', NULL),
(50, 'foo', '2017-08-21 09:08:01', '2017-08-21 09:08:01', NULL),
(51, 'bar', '2017-08-21 09:08:01', '2017-08-21 09:08:01', NULL),
(52, 'ماموریت غیرممکن', '2017-08-21 09:11:30', '2017-08-21 09:11:30', NULL),
(53, 'ماموریت غیرممکن 2', '2017-08-21 09:11:31', '2017-08-21 09:11:31', NULL),
(54, 'salt', '2017-08-21 09:14:00', '2017-08-28 07:44:53', '2017-08-28 07:44:53'),
(55, 'تگ نمایشی', '2017-10-05 07:52:11', '2017-10-05 07:52:11', NULL),
(56, 'لورم ایپسوم', '2017-10-05 07:52:11', '2017-10-05 07:52:11', NULL);

-- --------------------------------------------------------

--
-- Table structure for table `users`
--

CREATE TABLE `users` (
  `id` int(10) UNSIGNED NOT NULL,
  `admin` int(11) NOT NULL DEFAULT '0',
  `name` varchar(255) NOT NULL,
  `username` varchar(255) NOT NULL,
  `password` varchar(255) NOT NULL,
  `email` varchar(255) NOT NULL,
  `mobile` varchar(255) DEFAULT NULL,
  `status` int(11) NOT NULL DEFAULT '1',
  `remember_token` varchar(255) DEFAULT NULL,
  `created_at` timestamp NULL DEFAULT NULL,
  `updated_at` timestamp NULL DEFAULT NULL,
  `deleted_at` timestamp NULL DEFAULT NULL
) ENGINE=InnoDB DEFAULT CHARSET=utf8;

--
-- Dumping data for table `users`
--

INSERT INTO `users` (`id`, `admin`, `name`, `username`, `password`, `email`, `mobile`, `status`, `remember_token`, `created_at`, `updated_at`, `deleted_at`) VALUES
(1, 1, 'مدیریت', 'admin', '$2y$10$asffU34WqOABydvEvWswWumIqXT21Pqls6hRmetC0qL8DwsbaGWPu', 'iransoft1390@gmail.com', '09191958533', 1, 'NWx2FbQqOfhpT7WLGsZTM31kprs2yCln2kxrAWBFxjXFbKxSqxUOYlATFATE', '2017-08-12 09:15:58', '2017-08-12 09:15:58', NULL);

--
-- Indexes for dumped tables
--

--
-- Indexes for table `categories`
--
ALTER TABLE `categories`
  ADD PRIMARY KEY (`id`),
  ADD KEY `categories_parent_id_foreign` (`parent_id`);

--
-- Indexes for table `configs`
--
ALTER TABLE `configs`
  ADD PRIMARY KEY (`id`);

--
-- Indexes for table `contacts`
--
ALTER TABLE `contacts`
  ADD PRIMARY KEY (`id`);

--
-- Indexes for table `migrations`
--
ALTER TABLE `migrations`
  ADD PRIMARY KEY (`id`);

--
-- Indexes for table `posts`
--
ALTER TABLE `posts`
  ADD PRIMARY KEY (`id`);

--
-- Indexes for table `post_categories`
--
ALTER TABLE `post_categories`
  ADD PRIMARY KEY (`id`),
  ADD KEY `post_categories_cat_id_foreign` (`cat_id`),
  ADD KEY `post_categories_post_id_foreign` (`post_id`);

--
-- Indexes for table `post_tags`
--
ALTER TABLE `post_tags`
  ADD PRIMARY KEY (`id`),
  ADD KEY `post_tags_tag_id_foreign` (`tag_id`),
  ADD KEY `post_tags_post_id_foreign` (`post_id`);

--
-- Indexes for table `tags`
--
ALTER TABLE `tags`
  ADD PRIMARY KEY (`id`);

--
-- Indexes for table `users`
--
ALTER TABLE `users`
  ADD PRIMARY KEY (`id`);

--
-- AUTO_INCREMENT for dumped tables
--

--
-- AUTO_INCREMENT for table `categories`
--
ALTER TABLE `categories`
  MODIFY `id` int(10) UNSIGNED NOT NULL AUTO_INCREMENT, AUTO_INCREMENT=9;
--
-- AUTO_INCREMENT for table `configs`
--
ALTER TABLE `configs`
  MODIFY `id` int(10) UNSIGNED NOT NULL AUTO_INCREMENT, AUTO_INCREMENT=2;
--
-- AUTO_INCREMENT for table `contacts`
--
ALTER TABLE `contacts`
  MODIFY `id` int(10) UNSIGNED NOT NULL AUTO_INCREMENT, AUTO_INCREMENT=4;
--
-- AUTO_INCREMENT for table `migrations`
--
ALTER TABLE `migrations`
  MODIFY `id` int(10) UNSIGNED NOT NULL AUTO_INCREMENT, AUTO_INCREMENT=13;
--
-- AUTO_INCREMENT for table `posts`
--
ALTER TABLE `posts`
  MODIFY `id` int(10) UNSIGNED NOT NULL AUTO_INCREMENT, AUTO_INCREMENT=23;
--
-- AUTO_INCREMENT for table `post_categories`
--
ALTER TABLE `post_categories`
  MODIFY `id` int(10) UNSIGNED NOT NULL AUTO_INCREMENT, AUTO_INCREMENT=11;
--
-- AUTO_INCREMENT for table `post_tags`
--
ALTER TABLE `post_tags`
  MODIFY `id` int(10) UNSIGNED NOT NULL AUTO_INCREMENT, AUTO_INCREMENT=4;
--
-- AUTO_INCREMENT for table `tags`
--
ALTER TABLE `tags`
  MODIFY `id` int(10) UNSIGNED NOT NULL AUTO_INCREMENT, AUTO_INCREMENT=57;
--
-- AUTO_INCREMENT for table `users`
--
ALTER TABLE `users`
  MODIFY `id` int(10) UNSIGNED NOT NULL AUTO_INCREMENT, AUTO_INCREMENT=2;
--
-- Constraints for dumped tables
--

--
-- Constraints for table `categories`
--
ALTER TABLE `categories`
  ADD CONSTRAINT `categories_parent_id_foreign` FOREIGN KEY (`parent_id`) REFERENCES `categories` (`id`);

--
-- Constraints for table `post_categories`
--
ALTER TABLE `post_categories`
  ADD CONSTRAINT `post_categories_cat_id_foreign` FOREIGN KEY (`cat_id`) REFERENCES `categories` (`id`),
  ADD CONSTRAINT `post_categories_post_id_foreign` FOREIGN KEY (`post_id`) REFERENCES `posts` (`id`);

--
-- Constraints for table `post_tags`
--
ALTER TABLE `post_tags`
  ADD CONSTRAINT `post_tags_post_id_foreign` FOREIGN KEY (`post_id`) REFERENCES `posts` (`id`),
  ADD CONSTRAINT `post_tags_tag_id_foreign` FOREIGN KEY (`tag_id`) REFERENCES `tags` (`id`);

/*!40101 SET CHARACTER_SET_CLIENT=@OLD_CHARACTER_SET_CLIENT */;
/*!40101 SET CHARACTER_SET_RESULTS=@OLD_CHARACTER_SET_RESULTS */;
/*!40101 SET COLLATION_CONNECTION=@OLD_COLLATION_CONNECTION */;
